"Post Unique Reference","Name","Grade (or equivalent)","Job Title","Job/Team Function","Parent Department","Organisation","Unit","Contact Phone","Contact E-mail","Reports to Senior Post","Salary Cost of Reports (£)","FTE","Actual Pay Floor (£)","Actual Pay Ceiling (£)","","Professional/Occupational Group","Office Region","Notes","Valid?"
"200319","Paul Kissack","SCS4","Permanent Secretary","Unknown","Department for Environment Food & Rural Affairs","Department for Environment, Food and Rural Affairs","MINISTERIAL, GROWTH AND RESILIENCE DIRECTORATE","03459 33 55 77","defra.helpline@defra.gsi.gov.uk","XX","1177563","1.00","180000","180000","","Unknown","YORKSHIRE AND THE HUMBER","","1"
"200033","Lucy Smith","SCS3","SIFFG Office","Unknown","Department for Environment Food & Rural Affairs","Department for Environment, Food and Rural Affairs","STRATEGY AND WATER DG OFFICES DIRECTORATE","03459 33 55 77","defra.helpline@defra.gsi.gov.uk","200319","0","1.00","150000","150000","","Unknown","LONDON","","1"
"200225","Nicholas Joicey","SCS3","Permanent Secretary","Unknown","Department for Environment Food & Rural Affairs","Department for Environment, Food and Rural Affairs","MINISTERIAL, GROWTH AND RESILIENCE DIRECTORATE","03459 33 55 77","defra.helpline@defra.gsi.gov.uk","200319","0","0.83","145000","145000","","Unknown","LONDON","","1"
"200202","David Hill","SCS3","DEF STRATEGY DG OFFICE","Unknown","Department for Environment Food & Rural Affairs","Department for Environment, Food and Rural Affairs","STRATEGY AND WATER DG OFFICES DIRECTORATE","03459 33 55 77","defra.helpline@defra.gsi.gov.uk","200319","728822","1.00","150000","150000","","Unknown","LONDON","","1"
"200268","Emily Miles","SCS3","DEF FFAPH OFFICE","Unknown","Department for Environment Food & Rural Affairs","Department for Environment, Food and Rural Affairs","FOOD FARMING AND BIOSECURITY DG OFFICE DIRECTORATE","03459 33 55 77","defra.helpline@defra.gsi.gov.uk","200319","1523550","1.00","140000","140000","","Unknown","LONDON","","1"
"200297","Anjali Goswami","SCS3","DEF SCIENCE AND ANALYSIS DG OFFICE","Unknown","Department for Environment Food & Rural Affairs","Department for Environment, Food and Rural Affairs","SCIENCE, DATA AND ANALYSIS DG OFFICE DIRECTORATE","03459 33 55 77","defra.helpline@defra.gsi.gov.uk","200319","850079","0.81","120000","120000","","Unknown","LONDON","","1"
"200180","Emma Bourne","SCS3","DEF RESOURCE AND WASTE DIRECTORS OFFICE","No Function","Department for Environment Food & Rural Affairs","Department for Environment, Food and Rural Affairs","CIRCULAR ECONOMY DIRECTORATE","03459 33 55 77","defra.helpline@defra.gsi.gov.uk","200319","435665","1.00","130000","130000","","Policy","LONDON","","1"
"200206","Sara Randall","SCS3","ERG Office","No Function","Department for Environment Food & Rural Affairs","Department for Environment, Food and Rural Affairs","ENVIRONMENT DG OFFICE DIRECTORATE","03459 33 55 77","defra.helpline@defra.gsi.gov.uk","200319","1256020","1.00","130000","130000","","Policy","LONDON","","1"
"200075","Iain King","SCS3","DEF DEFRA GROUP FINANCE - CFO","Finance","Department for Environment Food & Rural Affairs","Department for Environment, Food and Rural Affairs","FINANCE DIRECTORATE","03459 33 55 77","defra.helpline@defra.gsi.gov.uk","200319","1525091","1.00","175000","175000","","Finance","LONDON","","1"
"200153","Ceri Morgan","SCS2","DEF TRADE ANALYSIS, PROJECT DELIVERY & SUPPORT","Unknown","Department for Environment Food & Rural Affairs","Department for Environment, Food and Rural Affairs","EU AND INTERNATIONAL TRADE DIRECTORATE","03459 33 55 77","defra.helpline@defra.gsi.gov.uk","200268","0","1.00","105000","105000","","International Trade and Negotiation","LONDON","","1"
"200307","Kate Davies","SCS2","ERG Office","Unknown","Department for Environment Food & Rural Affairs","Department for Environment, Food and Rural Affairs","ENVIRONMENT DG OFFICE DIRECTORATE","03459 33 55 77","defra.helpline@defra.gsi.gov.uk","200206","0","1.00","115000","115000","","Unknown","LONDON","","1"
"200321","Lyndsay Rooney","SCS2","DEF ENABLING PROGRAMMES","Unknown","Department for Environment Food & Rural Affairs","Department for Environment, Food and Rural Affairs","CHANGE DELIVERY DIRECTORATE","03459 33 55 77","defra.helpline@defra.gsi.gov.uk","200202","281667","1.00","120000","120000","","Unknown","LONDON","","1"
"200339","Jeremy Sharpe","SCS2","DEF FFAPH OFFICE","Unknown","Department for Environment Food & Rural Affairs","Department for Environment, Food and Rural Affairs","FOOD FARMING AND BIOSECURITY DG OFFICE DIRECTORATE","03459 33 55 77","defra.helpline@defra.gsi.gov.uk","200268","0","1.00","140000","140000","","Unknown","SOUTH WEST","","1"
"200006","Rachel Irving","SCS2","DEF EUDP DIRECTOR","Unknown","Department for Environment Food & Rural Affairs","Department for Environment, Food and Rural Affairs","TRADE DELIVERY DIRECTORATE","03459 33 55 77","defra.helpline@defra.gsi.gov.uk","200180","367753","1.00","100000","100000","","Unknown","LONDON","","1"
"200015","Simon James","SCS2","DEF CE PRIVATE OFFICE & SLT","Unknown","Department for Environment Food & Rural Affairs","Department for Environment, Food and Rural Affairs","CIRCULAR ECONOMY DIRECTORATE","03459 33 55 77","defra.helpline@defra.gsi.gov.uk","200206","455555","1.00","105000","105000","","Unknown","LONDON","","1"
"200054","Christopher Hobley","SCS2","Strategy Unit","Unknown","Department for Environment Food & Rural Affairs","Department for Environment, Food and Rural Affairs","GROUP STRATEGY DIRECTORATE","03459 33 55 77","defra.helpline@defra.gsi.gov.uk","200202","956631","1.00","115000","115000","","Unknown","LONDON","","1"
"200092","Mike Rowe","SCS2","DEF FFCP DIRECTORS OFFICE","Unknown","Department for Environment Food & Rural Affairs","Department for Environment, Food and Rural Affairs","FARMING DIRECTORATE - ADMIN COSTS","03459 33 55 77","defra.helpline@defra.gsi.gov.uk","200268","668557","1.00","110000","110000","","Unknown","LONDON","","1"
"200139","Sebastian Catovsky","SCS2","Water Ongoing Activities - Corporate Support","Unknown","Department for Environment Food & Rural Affairs","Department for Environment, Food and Rural Affairs","WATER AND FLOOD MANAGEMENT DIRECTORATE","03459 33 55 77","defra.helpline@defra.gsi.gov.uk","200202","645718","1.00","100000","100000","","Unknown","LONDON","","1"
"200205","Rebecca Shrubsole","SCS2","DEF MINISTERIAL, GROWTH AND RESILIENCE DIRECTOR","Unknown","Department for Environment Food & Rural Affairs","Department for Environment, Food and Rural Affairs","MINISTERIAL, GROWTH AND RESILIENCE DIRECTORATE","03459 33 55 77","defra.helpline@defra.gsi.gov.uk","200202","2937920","1.00","110000","110000","","Unknown","LONDON","","1"
"200210","David Hallam","SCS2","Water Ongoing Activities - Corporate Support","Unknown","Department for Environment Food & Rural Affairs","Department for Environment, Food and Rural Affairs","WATER AND FLOOD MANAGEMENT DIRECTORATE","03459 33 55 77","defra.helpline@defra.gsi.gov.uk","200202","617428","1.00","115000","115000","","Policy","LONDON","","1"
"200301","Jeremy Blake","SCS2","DEF EPR SCHEME ADMINISTRATOR","Unknown","Department for Environment Food & Rural Affairs","Department for Environment, Food and Rural Affairs","PEPR DIRECTORATE","03459 33 55 77","defra.helpline@defra.gsi.gov.uk","200206","213833","1.00","135000","135000","","Unknown","LONDON","","1"
"200316","Sophie Brice","SCS2","DEF TRADE ANALYSIS, PROJECT DELIVERY & SUPPORT","Unknown","Department for Environment Food & Rural Affairs","Department for Environment, Food and Rural Affairs","EU AND INTERNATIONAL TRADE DIRECTORATE","03459 33 55 77","defra.helpline@defra.gsi.gov.uk","200180","584893","1.00","100000","100000","","Unknown","LONDON","","1"
"200327","Anjali Juneja","SCS2","Director: Animal and Plant Health","Unknown","Department for Environment Food & Rural Affairs","Department for Environment, Food and Rural Affairs","ANIMAL AND PLANT HEALTH DIRECTORATE","03459 33 55 77","defra.helpline@defra.gsi.gov.uk","200268","641828","1.00","110000","110000","","Unknown","LONDON","","1"
"200203","Helen Johnston","SCS2","DEF COO & DG OFFICE WORKFORCE","Property","Department for Environment Food & Rural Affairs","Department for Environment, Food and Rural Affairs","DEFRA GROUP PROPERTY DIRECTORATE","03459 33 55 77","defra.helpline@defra.gsi.gov.uk","200075","1342810","1.00","100000","100000","","Project Management Delivery","NORTH EAST","","1"
"200029","Colin Dingwall","SCS2","DEF SCIENCE PROJECTS - MASTERPLAN / SCAH","Project Delivery","Department for Environment Food & Rural Affairs","Department for Environment, Food and Rural Affairs","NATIONAL BIOSECURITY CENTRE DIRECTORATE","03459 33 55 77","defra.helpline@defra.gsi.gov.uk","200075","611220","1.00","110000","110000","","Project Management Delivery","LONDON","","1"
"200191","Mark Thompson","SCS2","DEF NID DIRECTOR'S OFFICE","Project Delivery","Department for Environment Food & Rural Affairs","Department for Environment, Food and Rural Affairs","TRADE DELIVERY DIRECTORATE","03459 33 55 77","defra.helpline@defra.gsi.gov.uk","200180","925301","1.00","110000","110000","","Policy","LONDON","","1"
"200267","Kirsten Wildgoose","SCS2","DEF PORTFOLIO OFFICE - PORTFOLIO MANAGEMENT OFFICE","Project Delivery","Department for Environment Food & Rural Affairs","Department for Environment, Food and Rural Affairs","PORTFOLIO DIRECTORATE","03459 33 55 77","defra.helpline@defra.gsi.gov.uk","200202","155072","1.00","120000","120000","","Project Management Delivery","LONDON","","1"
"200270","Einav Ben-Yehuda","SCS2","DEF COMMERCIAL DIRECTORATE","Policy Profession","Department for Environment Food & Rural Affairs","Department for Environment, Food and Rural Affairs","DEF COMMERCIAL DIRECTORATE","03459 33 55 77","defra.helpline@defra.gsi.gov.uk","200075","6379240","1.00","130000","130000","","Policy Profession","LONDON","","1"
"200292","Andrew Mayes","SCS2","DEF GCS STRATEGY, PARTNERSHIPS AND OPERATIONS DIRECTORATE","Policy Profession","Department for Environment Food & Rural Affairs","Department for Environment, Food and Rural Affairs","DEF GCS STRATEGY, PARTNERSHIPS AND OPERATIONS DIRECTORATE","03459 33 55 77","defra.helpline@defra.gsi.gov.uk","200270","0","1.00","130000","130000","","Policy Profession","EAST OF ENGLAND","","1"
"200022","Janet Hughes","SCS2","DEF FFCP DIRECTORS OFFICE","No Function","Department for Environment Food & Rural Affairs","Department for Environment, Food and Rural Affairs","FARMING DIRECTORATE - ADMIN COSTS","03459 33 55 77","defra.helpline@defra.gsi.gov.uk","200268","0","1.00","140000","140000","","Policy","LONDON","","1"
"200117","Christine Middlemiss","SCS2","CVO Office","No Function","Department for Environment Food & Rural Affairs","Department for Environment, Food and Rural Affairs","ANIMAL AND PLANT HEALTH DIRECTORATE","03459 33 55 77","defra.helpline@defra.gsi.gov.uk","200268","0","1.00","140000","140000","","Veterinary","LONDON","","1"
"200330","Ed Moses","SCS2","DEF EUDP DIRECTOR","No Function","Department for Environment Food & Rural Affairs","Department for Environment, Food and Rural Affairs","TRADE DELIVERY DIRECTORATE","03459 33 55 77","defra.helpline@defra.gsi.gov.uk","200180","179440","1.00","120000","120000","","Policy","LONDON","","1"
"200077","Charlotte Baker","SCS2","DEF AFC FOOD STRATEGY","No Function","Department for Environment Food & Rural Affairs","Department for Environment, Food and Rural Affairs","AGRI FOOD CHAIN DIRECTORATE","03459 33 55 77","defra.helpline@defra.gsi.gov.uk","200268","601619","0.69","75000","75000","","Policy","LONDON","","1"
"200087","Tessa Jones","SCS2","DEF AFC FOOD STRATEGY","No Function","Department for Environment Food & Rural Affairs","Department for Environment, Food and Rural Affairs","AGRI FOOD CHAIN DIRECTORATE","03459 33 55 77","defra.helpline@defra.gsi.gov.uk","200268","347610","0.69","75000","75000","","Policy","LONDON","","1"
"200091","Gareth Baynham-Hughes","SCS2","DEF MARINE DIRECTOR AND SUPPORT","No Function","Department for Environment Food & Rural Affairs","Department for Environment, Food and Rural Affairs","MARINE AND FISHERIES DIRECTORATE","03459 33 55 77","defra.helpline@defra.gsi.gov.uk","200206","519680","1.00","110000","110000","","Policy","LONDON","","1"
"200135","Toby Nation","SCS2","EQ Portfolio Office","No Function","Department for Environment Food & Rural Affairs","Department for Environment, Food and Rural Affairs","ENV QUALITY, INFRASTRUCTURE & PLANNING DIRECTORATE","03459 33 55 77","defra.helpline@defra.gsi.gov.uk","200206","2529580","0.92","110000","110000","","Policy","LONDON","","1"
"200140","Deborah Hankins","SCS2","Natural Environment Policy Directors Office","No Function","Department for Environment Food & Rural Affairs","Department for Environment, Food and Rural Affairs","BIODIVERSITY, LAND USE & INVESTMENT DIRECTORATE","03459 33 55 77","defra.helpline@defra.gsi.gov.uk","200206","524078","1.00","110000","110000","","Policy","LONDON","","1"
"200184","Andrea Ledward","SCS2","DEF IBC DIRECTORATE SUPPORT","No Function","Department for Environment Food & Rural Affairs","Department for Environment, Food and Rural Affairs","INTERNATIONAL BIODIVERSITY AND CLIMATE DIRECTORATE","03459 33 55 77","defra.helpline@defra.gsi.gov.uk","200206","522872","1.00","110000","110000","","Policy","LONDON","","1"
"200207","Edward Barker","SCS2","DEF EU EXIT ENV GOV BODY AND STATEMENT OF ENV PRINCIPLES","No Function","Department for Environment Food & Rural Affairs","Department for Environment, Food and Rural Affairs","STRATEGY, GOVERNANCE & CLIMATE DIRECTORATE","03459 33 55 77","defra.helpline@defra.gsi.gov.uk","200206","1158760","1.00","110000","110000","","Policy","LONDON","","1"
"200149","Nicola Bettesworth","SCS2","DEF HR PRIVATE OFFICE","Human Resources","Department for Environment Food & Rural Affairs","Department for Environment, Food and Rural Affairs","HUMAN RESOURCES DIRECTORATE","03459 33 55 77","defra.helpline@defra.gsi.gov.uk","200075","1445771","1.00","130000","130000","","Human Resources","SOUTH EAST","","1"
"200341","Susan Candlish","SCS2","DEF DEFRA GROUP FINANCE - CFO","Finance","Department for Environment Food & Rural Affairs","Department for Environment, Food and Rural Affairs","FINANCE DIRECTORATE","03459 33 55 77","defra.helpline@defra.gsi.gov.uk","200075","610095","0.89","85000","85000","","Finance","LONDON","","1"
"200165","Clare Jeffreys","SCS2","DEF EA BUSINESS FINANCE HEAD OFFICE","Finance","Department for Environment Food & Rural Affairs","Department for Environment, Food and Rural Affairs","FINANCE DIRECTORATE","03459 33 55 77","defra.helpline@defra.gsi.gov.uk","200075","166683","1.00","100000","100000","","Finance","NORTH EAST","","1"
"200237","Kate Smaldon","SCS2","Finance Director and Admin Support","Finance","Department for Environment Food & Rural Affairs","Department for Environment, Food and Rural Affairs","FINANCE DIRECTORATE","03459 33 55 77","defra.helpline@defra.gsi.gov.uk","200075","868846","1.00","110000","110000","","Finance","WEST MIDLANDS","","1"
"200157","Christopher Howes","SCS2","DEF GIO Resources","Digital Data and Technology","Department for Environment Food & Rural Affairs","Department for Environment, Food and Rural Affairs","DIGITAL, DATA, TECHNOLOGY AND SECURITY DIRECTORATE","03459 33 55 77","defra.helpline@defra.gsi.gov.uk","200160","0","1.00","150000","150000","","Digital  Data and Technology","SOUTH WEST","","1"
"200259","Susan Bateman","SCS2","DEF OFFICE OF THE CHIEF DATA OFFICER","Digital Data and Technology","Department for Environment Food & Rural Affairs","Department for Environment, Food and Rural Affairs","OFFICE OF THE CHIEF DATA OFFICER DIRECTORATE","03459 33 55 77","defra.helpline@defra.gsi.gov.uk","200297","1524080","1.00","125000","125000","","Digital  Data and Technology","LONDON","","1"
"200160","Colin Banno-Thornton","SCS2","DEF DDTS - CROSS CUTTING NON-TECHNICAL","Digital Data and Technology","Department for Environment Food & Rural Affairs","Department for Environment, Food and Rural Affairs","DIGITAL, DATA, TECHNOLOGY AND SECURITY DIRECTORATE","03459 33 55 77","defra.helpline@defra.gsi.gov.uk","200075","1665360","1.00","110000","110000","","Digital  Data and Technology","NORTH WEST","","1"
"200181","Edward Parry","SCS2","DEF GIO Resources","Digital Data and Technology","Department for Environment Food & Rural Affairs","Department for Environment, Food and Rural Affairs","DIGITAL, DATA, TECHNOLOGY AND SECURITY DIRECTORATE","03459 33 55 77","defra.helpline@defra.gsi.gov.uk","200160","3187470","1.00","110000","110000","","Digital  Data and Technology","SOUTH WEST","","1"
"200264","Misha Anand","SCS2","DEF Strat Business Relationship Man","Digital Data and Technology","Department for Environment Food & Rural Affairs","Department for Environment, Food and Rural Affairs","DIGITAL, DATA, TECHNOLOGY AND SECURITY DIRECTORATE","03459 33 55 77","defra.helpline@defra.gsi.gov.uk","200160","262761","1.00","140000","140000","","Digital  Data and Technology","LONDON","","1"
"200231","Christian Cubitt","SCS2","Comms Director and Support","Communications","Department for Environment Food & Rural Affairs","Department for Environment, Food and Rural Affairs","COMMUNICATIONS DIRECTORATE","03459 33 55 77","defra.helpline@defra.gsi.gov.uk","200202","500675","1.00","135000","135000","","Communications","LONDON","","1"
"200067","Emma Campbell","SCS2","Office of the Director of Analysis","Analysis","Department for Environment Food & Rural Affairs","Department for Environment, Food and Rural Affairs","ANALYSIS DIRECTORATE","03459 33 55 77","defra.helpline@defra.gsi.gov.uk","200297","456987","1.00","110000","110000","","Economic","LONDON","","1"
"200019","N/D","SCS1","DEF F&W - WATER ENVIRONMENT & PUBLIC HEALTH","Unknown","Department for Environment Food & Rural Affairs","Department for Environment, Food and Rural Affairs","WATER AND FLOOD MANAGEMENT DIRECTORATE","03459 33 55 77","defra.helpline@defra.gsi.gov.uk","200139","2447780","1.00","N/A","N/A","","Unknown","LONDON","","1"
"200047","N/D","SCS1","DEF TARIFFS, RULES OF ORIGIN AND INTERNATIONAL FOOD SECURITY","Unknown","Department for Environment Food & Rural Affairs","Department for Environment, Food and Rural Affairs","EU AND INTERNATIONAL TRADE DIRECTORATE","03459 33 55 77","defra.helpline@defra.gsi.gov.uk","200316","1693020","1.00","N/A","N/A","","International Trade and Negotiation","LONDON","","1"
"200085","N/D","SCS1","FLS - Water Ongoing Function - Drinking Water Inspectorate","Unknown","Department for Environment Food & Rural Affairs","Department for Environment, Food and Rural Affairs","WATER AND FLOOD MANAGEMENT DIRECTORATE","03459 33 55 77","defra.helpline@defra.gsi.gov.uk","200210","2678690","1.00","N/A","N/A","","Science and Engineering","LONDON","","1"
"200095","N/D","SCS1","DEF LANDSCAPES","Unknown","Department for Environment Food & Rural Affairs","Department for Environment, Food and Rural Affairs","STRATEGY, GOVERNANCE & CLIMATE DIRECTORATE","03459 33 55 77","defra.helpline@defra.gsi.gov.uk","200207","2318320","1.00","N/A","N/A","","Unknown","LONDON","","1"
"200102","N/D","SCS1","DEF FFCP POLICY DESIGN","Unknown","Department for Environment Food & Rural Affairs","Department for Environment, Food and Rural Affairs","FARMING DIRECTORATE - ADMIN COSTS","03459 33 55 77","defra.helpline@defra.gsi.gov.uk","200092","0","1.00","N/A","N/A","","Unknown","LONDON","","1"
"200104","N/D","SCS1","Animal Health: Public Health","Unknown","Department for Environment Food & Rural Affairs","Department for Environment, Food and Rural Affairs","ANIMAL AND PLANT HEALTH DIRECTORATE","03459 33 55 77","defra.helpline@defra.gsi.gov.uk","200327","3804080","1.00","N/A","N/A","","Policy","LONDON","","1"
"200109","N/D","SCS1","DEF EU EXIT PESTICIDES","Unknown","Department for Environment Food & Rural Affairs","Department for Environment, Food and Rural Affairs","ENV QUALITY, INFRASTRUCTURE & PLANNING DIRECTORATE","03459 33 55 77","defra.helpline@defra.gsi.gov.uk","200135","2895910","1.00","N/A","N/A","","Unknown","LONDON","","1"
"200132","N/D","SCS1","DEF GREEN FINANCE BAU","Unknown","Department for Environment Food & Rural Affairs","Department for Environment, Food and Rural Affairs","BIODIVERSITY, LAND USE & INVESTMENT DIRECTORATE","03459 33 55 77","defra.helpline@defra.gsi.gov.uk","200140","1549500","1.00","N/A","N/A","","Unknown","LONDON","","1"
"200134","N/D","SCS1","DEF EU EXIT CHEMICALS (REACH)","Unknown","Department for Environment Food & Rural Affairs","Department for Environment, Food and Rural Affairs","ENV QUALITY, INFRASTRUCTURE & PLANNING DIRECTORATE","03459 33 55 77","defra.helpline@defra.gsi.gov.uk","200135","2844610","1.00","N/A","N/A","","Policy","LONDON","","1"
"200138","N/D","SCS1","DEF DEVOLUTION & STRATEGIC BRIEFINGS","Unknown","Department for Environment Food & Rural Affairs","Department for Environment, Food and Rural Affairs","MINISTERIAL, GROWTH AND RESILIENCE DIRECTORATE","03459 33 55 77","defra.helpline@defra.gsi.gov.uk","200205","2488190","1.00","N/A","N/A","","Unknown","LONDON","","1"
"200145","N/D","SCS1","Water and CBRN Emergencies","Unknown","Department for Environment Food & Rural Affairs","Department for Environment, Food and Rural Affairs","WATER AND FLOOD MANAGEMENT DIRECTORATE","03459 33 55 77","defra.helpline@defra.gsi.gov.uk","200139","1553400","1.00","N/A","N/A","","Risk","LONDON","","1"
"200174","N/D","SCS1","DEF FOOD SECURITY & SUPPLY CHAIN","Unknown","Department for Environment Food & Rural Affairs","Department for Environment, Food and Rural Affairs","AGRI FOOD CHAIN DIRECTORATE","03459 33 55 77","defra.helpline@defra.gsi.gov.uk","200087","2104790","1.00","N/A","N/A","","Unknown","LONDON","","1"
"200194","N/D","SCS1","DEF CONSTITUTION AND STRATEGIC PROJECTS","Unknown","Department for Environment Food & Rural Affairs","Department for Environment, Food and Rural Affairs","MINISTERIAL, GROWTH AND RESILIENCE DIRECTORATE","03459 33 55 77","defra.helpline@defra.gsi.gov.uk","200205","1848400","1.00","N/A","N/A","","Unknown","LONDON","","1"
"200195","N/D","SCS1","DEF FFCP DELIVERY & CORPORATE BUSINESS","Unknown","Department for Environment Food & Rural Affairs","Department for Environment, Food and Rural Affairs","FARMING DIRECTORATE - ADMIN COSTS","03459 33 55 77","defra.helpline@defra.gsi.gov.uk","200092","1887050","1.00","N/A","N/A","","Unknown","LONDON","","1"
"200217","N/D","SCS1","DEF EU EXIT ENVIRONMENTAL REGULATIONS PORTFOLIO","Unknown","Department for Environment Food & Rural Affairs","Department for Environment, Food and Rural Affairs","ENV QUALITY, INFRASTRUCTURE & PLANNING DIRECTORATE","03459 33 55 77","defra.helpline@defra.gsi.gov.uk","200135","496567","1.00","N/A","N/A","","Unknown","LONDON","","1"
"200272","N/D","SCS1","DEF EXTERNAL FISHERIES NEGOTIATION & TRADE","Unknown","Department for Environment Food & Rural Affairs","Department for Environment, Food and Rural Affairs","MARINE AND FISHERIES DIRECTORATE","03459 33 55 77","defra.helpline@defra.gsi.gov.uk","200091","1911490","1.00","N/A","N/A","","Policy","LONDON","","1"
"200300","N/D","SCS1","DEF RUN & MAINTAIN WORKFORCE","Unknown","Department for Environment Food & Rural Affairs","Department for Environment, Food and Rural Affairs","DEFRA GROUP PROPERTY DIRECTORATE","03459 33 55 77","defra.helpline@defra.gsi.gov.uk","200203","4056060","1.00","N/A","N/A","","Unknown","LONDON","","1"
"200311","N/D","SCS1","DEF F&W EVIDENCE","Unknown","Department for Environment Food & Rural Affairs","Department for Environment, Food and Rural Affairs","WATER AND FLOOD MANAGEMENT DIRECTORATE","03459 33 55 77","defra.helpline@defra.gsi.gov.uk","200139","1928750","1.00","N/A","N/A","","Unknown","LONDON","","1"
"200320","N/D","SCS1","DEF EA BUSINESS FINANCE OPERATIONS","Unknown","Department for Environment Food & Rural Affairs","Department for Environment, Food and Rural Affairs","FINANCE DIRECTORATE","03459 33 55 77","defra.helpline@defra.gsi.gov.uk","200075","1467990","1.00","N/A","N/A","","Unknown","LONDON","","1"
"200322","N/D","SCS1","DEF TRADE STRATEGY & IMPLEMENTATION","Unknown","Department for Environment Food & Rural Affairs","Department for Environment, Food and Rural Affairs","EU AND INTERNATIONAL TRADE DIRECTORATE","03459 33 55 77","defra.helpline@defra.gsi.gov.uk","200316","1034080","1.00","N/A","N/A","","International Trade and Negotiation","LONDON","","1"
"200324","N/D","SCS1","DEF EA HR","Unknown","Department for Environment Food & Rural Affairs","Department for Environment, Food and Rural Affairs","HUMAN RESOURCES DIRECTORATE","03459 33 55 77","defra.helpline@defra.gsi.gov.uk","200149","1362580","1.00","N/A","N/A","","Unknown","LONDON","","1"
"200331","N/D","SCS1","DEF ENABLING PROGRAMMES","Unknown","Department for Environment Food & Rural Affairs","Department for Environment, Food and Rural Affairs","CHANGE DELIVERY DIRECTORATE","03459 33 55 77","defra.helpline@defra.gsi.gov.uk","200321","0","1.00","N/A","N/A","","Unknown","LONDON","","1"
"200336","N/D","SCS1","Water Ongoing Activities - Corporate Support","Unknown","Department for Environment Food & Rural Affairs","Department for Environment, Food and Rural Affairs","WATER AND FLOOD MANAGEMENT DIRECTORATE","03459 33 55 77","defra.helpline@defra.gsi.gov.uk","200139","245271","1.00","N/A","N/A","","Unknown","LONDON","","1"
"200337","N/D","SCS1","DEF STRATEGIC PROJECTS","Unknown","Department for Environment Food & Rural Affairs","Department for Environment, Food and Rural Affairs","GROUP STRATEGY DIRECTORATE","03459 33 55 77","defra.helpline@defra.gsi.gov.uk","200054","455041","1.00","N/A","N/A","","Unknown","LONDON","","1"
"200048","N/D","SCS1","DEF PORTFOLIO IMPROVING CUSTOMER DELIVERY","Unknown","Department for Environment Food & Rural Affairs","Department for Environment, Food and Rural Affairs","CHANGE DELIVERY DIRECTORATE","03459 33 55 77","defra.helpline@defra.gsi.gov.uk","200321","755911","1.00","N/A","N/A","","Operational Delivery","YORKSHIRE AND THE HUMBER","","1"
"200090","N/D","SCS1","DEF FOOD CHAIN ANALYSIS & FARMING STATISTICS","Unknown","Department for Environment Food & Rural Affairs","Department for Environment, Food and Rural Affairs","AGRI FOOD CHAIN DIRECTORATE","03459 33 55 77","defra.helpline@defra.gsi.gov.uk","200087","3449560","1.00","N/A","N/A","","Unknown","YORKSHIRE AND THE HUMBER","","1"
"200204","N/D","SCS1","DEF ENABLING PROGRAMMES","Unknown","Department for Environment Food & Rural Affairs","Department for Environment, Food and Rural Affairs","CHANGE DELIVERY DIRECTORATE","03459 33 55 77","defra.helpline@defra.gsi.gov.uk","200321","675636","1.00","N/A","N/A","","Unknown","NORTH EAST","","1"
"200208","N/D","SCS1","DEF OUTCOMES PROGRAMME AND ACTIVITY","Unknown","Department for Environment Food & Rural Affairs","Department for Environment, Food and Rural Affairs","GROUP STRATEGY DIRECTORATE","03459 33 55 77","defra.helpline@defra.gsi.gov.uk","200054","976886","1.00","N/A","N/A","","Policy","SOUTH WEST","","1"
"200215","N/D","SCS1","DEF EU DELIVERY","Unknown","Department for Environment Food & Rural Affairs","Department for Environment, Food and Rural Affairs","TRADE DELIVERY DIRECTORATE","03459 33 55 77","defra.helpline@defra.gsi.gov.uk","200006","251239","1.00","N/A","N/A","","Unknown","SOUTH WEST","","1"
"200253","N/D","SCS1","DEF DEFRA GROUP SHARED SERVICE TEAM","Unknown","Department for Environment Food & Rural Affairs","Department for Environment, Food and Rural Affairs","GCS STRATEGY, PARTNERSHIPS AND OPERATIONS DIRECTORATE","03459 33 55 77","defra.helpline@defra.gsi.gov.uk","200075","2137300","1.00","N/A","N/A","","Unknown","SOUTH WEST","","1"
"200256","N/D","SCS1","DEF EU EXIT ENVIRONMENTAL REGULATIONS PORTFOLIO","Unknown","Department for Environment Food & Rural Affairs","Department for Environment, Food and Rural Affairs","ENV QUALITY, INFRASTRUCTURE & PLANNING DIRECTORATE","03459 33 55 77","defra.helpline@defra.gsi.gov.uk","200006","812240","1.00","N/A","N/A","","Unknown","EAST OF ENGLAND","","1"
"200296","N/D","SCS1","DEF DEFRA TRANSFORMATION","Unknown","Department for Environment Food & Rural Affairs","Department for Environment, Food and Rural Affairs","HUMAN RESOURCES DIRECTORATE","03459 33 55 77","defra.helpline@defra.gsi.gov.uk","200149","3353810","1.00","N/A","N/A","","Unknown","SOUTH WEST","","1"
"200304","N/D","SCS1","DEF ADII BUSINESS MANAGEMENT","Unknown","Department for Environment Food & Rural Affairs","Department for Environment, Food and Rural Affairs","DIGITAL, DATA, TECHNOLOGY AND SECURITY DIRECTORATE","03459 33 55 77","defra.helpline@defra.gsi.gov.uk","200234","1182780","1.00","N/A","N/A","","Unknown","SOUTH WEST","","1"
"200309","N/D","SCS1","DEF EU DELIVERY","Unknown","Department for Environment Food & Rural Affairs","Department for Environment, Food and Rural Affairs","TRADE DELIVERY DIRECTORATE","03459 33 55 77","defra.helpline@defra.gsi.gov.uk","200006","413103","1.00","N/A","N/A","","Unknown","SOUTH WEST","","1"
"200310","N/D","SCS1","DEF EUDP PROGRAMME MANAGEMENT AND PMO","Unknown","Department for Environment Food & Rural Affairs","Department for Environment, Food and Rural Affairs","TRADE DELIVERY DIRECTORATE","03459 33 55 77","defra.helpline@defra.gsi.gov.uk","200191","0","1.00","N/A","N/A","","Unknown","SOUTH WEST","","1"
"200329","N/D","SCS1","DEF EPR SCHEME ADMINISTRATOR","Unknown","Department for Environment Food & Rural Affairs","Department for Environment, Food and Rural Affairs","PEPR DIRECTORATE","03459 33 55 77","defra.helpline@defra.gsi.gov.uk","200301","1340090","1.00","N/A","N/A","","Unknown","SOUTH WEST","","1"
"200032","N/D","SCS1","DEF CONSTITUTION AND STRATEGIC PROJECTS","Unknown","Department for Environment Food & Rural Affairs","Department for Environment, Food and Rural Affairs","MINISTERIAL, GROWTH AND RESILIENCE DIRECTORATE","03459 33 55 77","defra.helpline@defra.gsi.gov.uk","200205","0","0.78","N/A","N/A","","Unknown","LONDON","","1"
"200089","N/D","SCS1","DEF SPS STRATEGY & CO-ORDINATION, ANIMAL IMPORTS & EU TRADE","Unknown","Department for Environment Food & Rural Affairs","Department for Environment, Food and Rural Affairs","ANIMAL AND PLANT HEALTH DIRECTORATE","03459 33 55 77","defra.helpline@defra.gsi.gov.uk","200327","1789810","0.59","N/A","N/A","","Policy","LONDON","","1"
"200131","N/D","SCS1","DEF EU EXIT ENVIRONMENTAL REGULATIONS PORTFOLIO","Unknown","Department for Environment Food & Rural Affairs","Department for Environment, Food and Rural Affairs","ENV QUALITY, INFRASTRUCTURE & PLANNING DIRECTORATE","03459 33 55 77","defra.helpline@defra.gsi.gov.uk","200135","453387","0.68","N/A","N/A","","Unknown","LONDON","","1"
"200137","N/D","SCS1","DEF ENVIRONMENTAL SUSTAINABILITY","Unknown","Department for Environment Food & Rural Affairs","Department for Environment, Food and Rural Affairs","AGRI FOOD CHAIN DIRECTORATE","03459 33 55 77","defra.helpline@defra.gsi.gov.uk","200087","2187780","0.80","N/A","N/A","","Unknown","LONDON","","1"
"200239","N/D","SCS1","DEF EMERGENCY OPERATIONS CENTRE - COVID19","Unknown","Department for Environment Food & Rural Affairs","Department for Environment, Food and Rural Affairs","MINISTERIAL, GROWTH AND RESILIENCE DIRECTORATE","03459 33 55 77","defra.helpline@defra.gsi.gov.uk","200205","2355450","0.92","N/A","N/A","","Policy","LONDON","","1"
"200241","N/D","SCS1","DEF EMERGENCY OPERATIONS CENTRE - COVID19","Unknown","Department for Environment Food & Rural Affairs","Department for Environment, Food and Rural Affairs","MINISTERIAL, GROWTH AND RESILIENCE DIRECTORATE","03459 33 55 77","defra.helpline@defra.gsi.gov.uk","200205","982461","0.92","N/A","N/A","","Science and Engineering","LONDON","","1"
"200266","N/D","SCS1","DEF FOOD SUPPLY CHAIN ADJUDICATORS OFFICE","Unknown","Department for Environment Food & Rural Affairs","Department for Environment, Food and Rural Affairs","AGRI FOOD CHAIN DIRECTORATE","03459 33 55 77","defra.helpline@defra.gsi.gov.uk","200077","0","0.60","N/A","N/A","","Unknown","LONDON","","1"
"200326","N/D","SCS1","Finance Director and Admin Support","Unknown","Department for Environment Food & Rural Affairs","Department for Environment, Food and Rural Affairs","FINANCE DIRECTORATE","03459 33 55 77","defra.helpline@defra.gsi.gov.uk","200237","137248","0.70","N/A","N/A","","Unknown","WEST MIDLANDS","","1"
"200073","N/D","SCS1","Security and Contingency Planning","Security","Department for Environment Food & Rural Affairs","Department for Environment, Food and Rural Affairs","DIGITAL, DATA, TECHNOLOGY AND SECURITY DIRECTORATE","03459 33 55 77","defra.helpline@defra.gsi.gov.uk","200160","2970710","1.00","N/A","N/A","","Security","LONDON","","1"
"200049","N/D","SCS1","DEF BUILD WORKFORCE","Property","Department for Environment Food & Rural Affairs","Department for Environment, Food and Rural Affairs","DEFRA GROUP PROPERTY DIRECTORATE","03459 33 55 77","defra.helpline@defra.gsi.gov.uk","200203","2058190","1.00","N/A","N/A","","Property","NORTH EAST","","1"
"200078","N/D","SCS1","DEF STRATEGY WORKFORCE","Property","Department for Environment Food & Rural Affairs","Department for Environment, Food and Rural Affairs","DEFRA GROUP PROPERTY DIRECTORATE","03459 33 55 77","defra.helpline@defra.gsi.gov.uk","200203","1134490","1.00","N/A","N/A","","Property","WALES","","1"
"200156","N/D","SCS1","DEF RUN & MAINTAIN WORKFORCE","Property","Department for Environment Food & Rural Affairs","Department for Environment, Food and Rural Affairs","DEFRA GROUP PROPERTY DIRECTORATE","03459 33 55 77","defra.helpline@defra.gsi.gov.uk","200203","0","1.00","N/A","N/A","","Property","NORTH WEST","","1"
"200189","N/D","SCS1","DEF DG SUSTAINABILITY","Property","Department for Environment Food & Rural Affairs","Department for Environment, Food and Rural Affairs","DEFRA GROUP PROPERTY DIRECTORATE","03459 33 55 77","defra.helpline@defra.gsi.gov.uk","200203","1234400","1.00","N/A","N/A","","Other","UNKNOWN","","1"
"200277","N/D","SCS1","DEF HSS & WELLBEING WORKFORCE","Property","Department for Environment Food & Rural Affairs","Department for Environment, Food and Rural Affairs","DEFRA GROUP PROPERTY DIRECTORATE","03459 33 55 77","defra.helpline@defra.gsi.gov.uk","200203","1323720","1.00","N/A","N/A","","Property","NORTH EAST","","1"
"200299","N/D","SCS1","DEF SCIENCE WORKFORCE","Property","Department for Environment Food & Rural Affairs","Department for Environment, Food and Rural Affairs","DEFRA GROUP PROPERTY DIRECTORATE","03459 33 55 77","defra.helpline@defra.gsi.gov.uk","200203","1589780","1.00","N/A","N/A","","Operational Delivery","SOUTH EAST","","1"
"200313","N/D","SCS1","DEF COO & DG OFFICE WORKFORCE","Property","Department for Environment Food & Rural Affairs","Department for Environment, Food and Rural Affairs","DEFRA GROUP PROPERTY DIRECTORATE","03459 33 55 77","defra.helpline@defra.gsi.gov.uk","200203","2286060","1.00","N/A","N/A","","Project Management Delivery","UNKNOWN","","1"
"200005","N/D","SCS1","DEF EUDP STRATEGY, LEGISLATION AND ENGAGEMENT","Project Delivery","Department for Environment Food & Rural Affairs","Department for Environment, Food and Rural Affairs","EU RESET STRATEGY & LEGISLATION DIRECTORATE","03459 33 55 77","defra.helpline@defra.gsi.gov.uk","200330","865811","1.00","N/A","N/A","","Policy","LONDON","","1"
"200011","N/D","SCS1","DEF FFAPH OFFICE","Project Delivery","Department for Environment Food & Rural Affairs","Department for Environment, Food and Rural Affairs","FOOD FARMING AND BIOSECURITY DG OFFICE DIRECTORATE","03459 33 55 77","defra.helpline@defra.gsi.gov.uk","200077","0","1.00","N/A","N/A","","Policy","LONDON","","1"
"200042","N/D","SCS1","Flood Risk Management","Project Delivery","Department for Environment Food & Rural Affairs","Department for Environment, Food and Rural Affairs","WATER AND FLOOD MANAGEMENT DIRECTORATE","03459 33 55 77","defra.helpline@defra.gsi.gov.uk","200139","0","1.00","N/A","N/A","","Finance","LONDON","","1"
"200082","N/D","SCS1","Air Quality & Industrial Emissions","Project Delivery","Department for Environment Food & Rural Affairs","Department for Environment, Food and Rural Affairs","ENV QUALITY, INFRASTRUCTURE & PLANNING DIRECTORATE","03459 33 55 77","defra.helpline@defra.gsi.gov.uk","200135","2379290","1.00","N/A","N/A","","Policy","LONDON","","1"
"200096","N/D","SCS1","DEF F&W - PROJECT TIMBER","Project Delivery","Department for Environment Food & Rural Affairs","Department for Environment, Food and Rural Affairs","WATER AND FLOOD MANAGEMENT DIRECTORATE","03459 33 55 77","defra.helpline@defra.gsi.gov.uk","200210","929723","1.00","N/A","N/A","","Policy","LONDON","","1"
"200111","N/D","SCS1","DEF MARINE SYSTEM AND BUSINESS MANAGEMENT","Project Delivery","Department for Environment Food & Rural Affairs","Department for Environment, Food and Rural Affairs","MARINE AND FISHERIES DIRECTORATE","03459 33 55 77","defra.helpline@defra.gsi.gov.uk","200091","1734700","1.00","N/A","N/A","","Project Management Delivery","LONDON","","1"
"200115","N/D","SCS1","Private Offices: Defra","Project Delivery","Department for Environment Food & Rural Affairs","Department for Environment, Food and Rural Affairs","MINISTERIAL, GROWTH AND RESILIENCE DIRECTORATE","03459 33 55 77","defra.helpline@defra.gsi.gov.uk","200205","1539430","1.00","N/A","N/A","","Policy","LONDON","","1"
"200127","N/D","SCS1","DEF LAND USE AND PLANNING","Project Delivery","Department for Environment Food & Rural Affairs","Department for Environment, Food and Rural Affairs","BIODIVERSITY, LAND USE & INVESTMENT DIRECTORATE","03459 33 55 77","defra.helpline@defra.gsi.gov.uk","200140","1485890","1.00","N/A","N/A","","Policy","LONDON","","1"
"200219","N/D","SCS1","DEF NORTHERN IRELAND PROGRAMME AND CORPORATE MANAGEMENT","Project Delivery","Department for Environment Food & Rural Affairs","Department for Environment, Food and Rural Affairs","TRADE DELIVERY DIRECTORATE","03459 33 55 77","defra.helpline@defra.gsi.gov.uk","200191","783173","1.00","N/A","N/A","","Project Management Delivery","LONDON","","1"
"200227","N/D","SCS1","DEF CE PORTFOLIO OFFICE","Project Delivery","Department for Environment Food & Rural Affairs","Department for Environment, Food and Rural Affairs","CIRCULAR ECONOMY DIRECTORATE","03459 33 55 77","defra.helpline@defra.gsi.gov.uk","200015","2292640","1.00","N/A","N/A","","Project Management Delivery","LONDON","","1"
"200229","N/D","SCS1","Private Offices: Defra","Project Delivery","Department for Environment Food & Rural Affairs","Department for Environment, Food and Rural Affairs","MINISTERIAL, GROWTH AND RESILIENCE DIRECTORATE","03459 33 55 77","defra.helpline@defra.gsi.gov.uk","200205","0","1.00","N/A","N/A","","Policy","LONDON","","1"
"200293","N/D","SCS1","DEF CE GROWTH PLAN & STRATEGY","Project Delivery","Department for Environment Food & Rural Affairs","Department for Environment, Food and Rural Affairs","CIRCULAR ECONOMY DIRECTORATE","03459 33 55 77","defra.helpline@defra.gsi.gov.uk","200015","1744150","1.00","N/A","N/A","","Policy","LONDON","","1"
"200308","N/D","SCS1","DEF SPS BORDERS AND BOUNDARIES","Project Delivery","Department for Environment Food & Rural Affairs","Department for Environment, Food and Rural Affairs","TRADE DELIVERY DIRECTORATE","03459 33 55 77","defra.helpline@defra.gsi.gov.uk","200191","708476","1.00","N/A","N/A","","Project Management Delivery","LONDON","","1"
"200332","N/D","SCS1","DEF AFC FOOD STRATEGY","Project Delivery","Department for Environment Food & Rural Affairs","Department for Environment, Food and Rural Affairs","AGRI FOOD CHAIN DIRECTORATE","03459 33 55 77","defra.helpline@defra.gsi.gov.uk","200077","2103840","1.00","N/A","N/A","","Policy","LONDON","","1"
"200008","N/D","SCS1","Water Programme - Water Quality","Project Delivery","Department for Environment Food & Rural Affairs","Department for Environment, Food and Rural Affairs","WATER AND FLOOD MANAGEMENT DIRECTORATE","03459 33 55 77","defra.helpline@defra.gsi.gov.uk","200139","1697270","1.00","N/A","N/A","","Policy","UNKNOWN","","1"
"200012","N/D","SCS1","DEF NORTHERN IRELAND STRATEGY AND SERVICES","Project Delivery","Department for Environment Food & Rural Affairs","Department for Environment, Food and Rural Affairs","TRADE DELIVERY DIRECTORATE","03459 33 55 77","defra.helpline@defra.gsi.gov.uk","200191","1505810","1.00","N/A","N/A","","Project Management Delivery","SOUTH WEST","","1"
"200036","N/D","SCS1","DEF DDTS CHIEF OPERATING OFFICE","Project Delivery","Department for Environment Food & Rural Affairs","Department for Environment, Food and Rural Affairs","DIGITAL, DATA, TECHNOLOGY AND SECURITY DIRECTORATE","03459 33 55 77","defra.helpline@defra.gsi.gov.uk","200160","3111920","1.00","N/A","N/A","","Project Management Delivery","UNKNOWN","","1"
"200060","N/D","SCS1","DEF NATURAL CAPITAL & ECOSYSTEM ASSESSMENT (TERRESTRIAL)","Project Delivery","Department for Environment Food & Rural Affairs","Department for Environment, Food and Rural Affairs","ANALYSIS DIRECTORATE","03459 33 55 77","defra.helpline@defra.gsi.gov.uk","200067","1253600","1.00","N/A","N/A","","Project Management Delivery","UNKNOWN","","1"
"200070","N/D","SCS1","DEF NATURAL CAPITAL & ECOSYSTEM ASSESSMENT (TERRESTRIAL)","Project Delivery","Department for Environment Food & Rural Affairs","Department for Environment, Food and Rural Affairs","ANALYSIS DIRECTORATE","03459 33 55 77","defra.helpline@defra.gsi.gov.uk","200067","1128290","1.00","N/A","N/A","","Statistics","SOUTH WEST","","1"
"200071","N/D","SCS1","DEF GCS STRATEGY AND GOVERNANCE","Project Delivery","Department for Environment Food & Rural Affairs","Department for Environment, Food and Rural Affairs","GCS STRATEGY, PARTNERSHIPS AND OPERATIONS DIRECTORATE","03459 33 55 77","defra.helpline@defra.gsi.gov.uk","200075","1513070","1.00","N/A","N/A","","Project Management Delivery","SOUTH EAST","","1"
"200107","N/D","SCS1","DEF GROWTH TECHNOLOGY & TRADE","Project Delivery","Department for Environment Food & Rural Affairs","Department for Environment, Food and Rural Affairs","AGRI FOOD CHAIN DIRECTORATE","03459 33 55 77","defra.helpline@defra.gsi.gov.uk","200087","3571180","1.00","N/A","N/A","","Operational Delivery","UNKNOWN","","1"
"200124","N/D","SCS1","Wildlife","Project Delivery","Department for Environment Food & Rural Affairs","Department for Environment, Food and Rural Affairs","BIODIVERSITY, LAND USE & INVESTMENT DIRECTORATE","03459 33 55 77","defra.helpline@defra.gsi.gov.uk","200140","2548780","1.00","N/A","N/A","","Policy","SOUTH WEST","","1"
"200147","N/D","SCS1","DEF CE RECYCLING PERFORMANCE & DELIVERY","Project Delivery","Department for Environment Food & Rural Affairs","Department for Environment, Food and Rural Affairs","CIRCULAR ECONOMY DIRECTORATE","03459 33 55 77","defra.helpline@defra.gsi.gov.uk","200015","2258290","1.00","N/A","N/A","","Policy","WEST MIDLANDS","","1"
"200238","N/D","SCS1","DEF EPR SCHEME ADMINISTRATOR","Project Delivery","Department for Environment Food & Rural Affairs","Department for Environment, Food and Rural Affairs","PEPR DIRECTORATE","03459 33 55 77","defra.helpline@defra.gsi.gov.uk","200301","1019990","1.00","N/A","N/A","","Digital  Data and Technology","NORTH WEST","","1"
"200251","N/D","SCS1","DEF GIO Resources","Project Delivery","Department for Environment Food & Rural Affairs","Department for Environment, Food and Rural Affairs","DIGITAL, DATA, TECHNOLOGY AND SECURITY DIRECTORATE","03459 33 55 77","defra.helpline@defra.gsi.gov.uk","200181","328693","1.00","N/A","N/A","","Digital  Data and Technology","SOUTH WEST","","1"
"200269","N/D","SCS1","DEF FORESTRY","Project Delivery","Department for Environment Food & Rural Affairs","Department for Environment, Food and Rural Affairs","BIODIVERSITY, LAND USE & INVESTMENT DIRECTORATE","03459 33 55 77","defra.helpline@defra.gsi.gov.uk","200140","2362270","1.00","N/A","N/A","","Policy","YORKSHIRE AND THE HUMBER","","1"
"200338","N/D","SCS1","DEF PORTFOLIO PROJECT COEX","Project Delivery","Department for Environment Food & Rural Affairs","Department for Environment, Food and Rural Affairs","PORTFOLIO DIRECTORATE","03459 33 55 77","defra.helpline@defra.gsi.gov.uk","200267","1556980","1.00","N/A","N/A","","Project Management Delivery","EAST MIDLANDS","","1"
"200136","N/D","SCS1","DEF SCIENCE PROJECTS - MASTERPLAN / SCAH","Project Delivery","Department for Environment Food & Rural Affairs","Department for Environment, Food and Rural Affairs","NATIONAL BIOSECURITY CENTRE DIRECTORATE","03459 33 55 77","defra.helpline@defra.gsi.gov.uk","200029","0","0.47","N/A","N/A","","Science and Engineering","UNKNOWN","","1"
"200185","N/D","SCS1","DEF EUDP PROGRAMME MANAGEMENT AND PMO","Project Delivery","Department for Environment Food & Rural Affairs","Department for Environment, Food and Rural Affairs","TRADE DELIVERY DIRECTORATE","03459 33 55 77","defra.helpline@defra.gsi.gov.uk","200191","2294240","0.60","N/A","N/A","","Project Management Delivery","NORTH EAST","","1"
"200025","N/D","SCS1","DEF FLS-ODA STAFF HUB AND IBF","No Function","Department for Environment Food & Rural Affairs","Department for Environment, Food and Rural Affairs","OFFICIAL DEVELOPMENT ASSISTANCE DIRECTORATE","03459 33 55 77","defra.helpline@defra.gsi.gov.uk","200184","1497950","1.00","N/A","N/A","","Policy","LONDON","","1"
"200026","N/D","SCS1","DEF CE DEPOSIT RETURN SCHEME","No Function","Department for Environment Food & Rural Affairs","Department for Environment, Food and Rural Affairs","CIRCULAR ECONOMY DIRECTORATE","03459 33 55 77","defra.helpline@defra.gsi.gov.uk","200015","1196880","1.00","N/A","N/A","","Policy","LONDON","","1"
"200040","N/D","SCS1","DEF NATURE RESTORATION FUND","No Function","Department for Environment Food & Rural Affairs","Department for Environment, Food and Rural Affairs","BIODIVERSITY, LAND USE & INVESTMENT DIRECTORATE","03459 33 55 77","defra.helpline@defra.gsi.gov.uk","200140","934299","1.00","N/A","N/A","","Policy","LONDON","","1"
"200058","N/D","SCS1","DEF STRATEGIC, GOVERNANCE & RISK","No Function","Department for Environment Food & Rural Affairs","Department for Environment, Food and Rural Affairs","GROUP STRATEGY DIRECTORATE","03459 33 55 77","defra.helpline@defra.gsi.gov.uk","200054","2534440","1.00","N/A","N/A","","Policy","LONDON","","1"
"200088","N/D","SCS1","DEF DOMESTIC FISHERIES AND REFORM","No Function","Department for Environment Food & Rural Affairs","Department for Environment, Food and Rural Affairs","MARINE AND FISHERIES DIRECTORATE","03459 33 55 77","defra.helpline@defra.gsi.gov.uk","200091","1500410","1.00","N/A","N/A","","Policy","LONDON","","1"
"200098","N/D","SCS1","DEF DOMESTIC MARINE","No Function","Department for Environment Food & Rural Affairs","Department for Environment, Food and Rural Affairs","MARINE AND FISHERIES DIRECTORATE","03459 33 55 77","defra.helpline@defra.gsi.gov.uk","200091","2418680","1.00","N/A","N/A","","Policy","LONDON","","1"
"200108","N/D","SCS1","DEF TRADE STRATEGY AND DELIVERY","No Function","Department for Environment Food & Rural Affairs","Department for Environment, Food and Rural Affairs","EU AND INTERNATIONAL TRADE DIRECTORATE","03459 33 55 77","defra.helpline@defra.gsi.gov.uk","200316","1069500","1.00","N/A","N/A","","International Trade and Negotiation","LONDON","","1"
"200126","N/D","SCS1","DEF FFCP LEGAL STANDARDS","No Function","Department for Environment Food & Rural Affairs","Department for Environment, Food and Rural Affairs","FARMING DIRECTORATE - ADMIN COSTS","03459 33 55 77","defra.helpline@defra.gsi.gov.uk","200092","1817250","1.00","N/A","N/A","","Policy","LONDON","","1"
"200128","N/D","SCS1","Water Services","No Function","Department for Environment Food & Rural Affairs","Department for Environment, Food and Rural Affairs","WATER AND FLOOD MANAGEMENT DIRECTORATE","03459 33 55 77","defra.helpline@defra.gsi.gov.uk","200210","928477","1.00","N/A","N/A","","Policy","LONDON","","1"
"200130","N/D","SCS1","DEF PROTECTING THE MARINE ENVIRONMENT","No Function","Department for Environment Food & Rural Affairs","Department for Environment, Food and Rural Affairs","MARINE AND FISHERIES DIRECTORATE","03459 33 55 77","defra.helpline@defra.gsi.gov.uk","200091","1580570","1.00","N/A","N/A","","Policy","LONDON","","1"
"200144","N/D","SCS1","DEF WATER STRATEGY & LEGISLATION","No Function","Department for Environment Food & Rural Affairs","Department for Environment, Food and Rural Affairs","WATER AND FLOOD MANAGEMENT DIRECTORATE","03459 33 55 77","defra.helpline@defra.gsi.gov.uk","200210","2307700","1.00","N/A","N/A","","Policy","LONDON","","1"
"200154","N/D","SCS1","Environment 25 year plan","No Function","Department for Environment Food & Rural Affairs","Department for Environment, Food and Rural Affairs","STRATEGY, GOVERNANCE & CLIMATE DIRECTORATE","03459 33 55 77","defra.helpline@defra.gsi.gov.uk","200207","1481640","1.00","N/A","N/A","","Policy","LONDON","","1"
"200186","N/D","SCS1","DEF DGP SPECIAL PROJECTS WORKFORCE","No Function","Department for Environment Food & Rural Affairs","Department for Environment, Food and Rural Affairs","DEFRA GROUP PROPERTY DIRECTORATE","03459 33 55 77","defra.helpline@defra.gsi.gov.uk","200203","605631","1.00","N/A","N/A","","Policy","LONDON","","1"
"200187","N/D","SCS1","Flood Risk Management","No Function","Department for Environment Food & Rural Affairs","Department for Environment, Food and Rural Affairs","WATER AND FLOOD MANAGEMENT DIRECTORATE","03459 33 55 77","defra.helpline@defra.gsi.gov.uk","200139","2140490","1.00","N/A","N/A","","Policy","LONDON","","1"
"200192","N/D","SCS1","DEF F&W - SPECIAL PROJECTS","No Function","Department for Environment Food & Rural Affairs","Department for Environment, Food and Rural Affairs","WATER AND FLOOD MANAGEMENT DIRECTORATE","03459 33 55 77","defra.helpline@defra.gsi.gov.uk","200210","0","1.00","N/A","N/A","","Policy","LONDON","","1"
"200211","N/D","SCS1","Water Programme - Water Quality","No Function","Department for Environment Food & Rural Affairs","Department for Environment, Food and Rural Affairs","WATER AND FLOOD MANAGEMENT DIRECTORATE","03459 33 55 77","defra.helpline@defra.gsi.gov.uk","200210","1372260","1.00","N/A","N/A","","Policy","LONDON","","1"
"200212","N/D","SCS1","DEF INTERNATIONAL BIODIVERSITY & WILDLIFE","No Function","Department for Environment Food & Rural Affairs","Department for Environment, Food and Rural Affairs","INTERNATIONAL BIODIVERSITY AND CLIMATE DIRECTORATE","03459 33 55 77","defra.helpline@defra.gsi.gov.uk","200184","2088450","1.00","N/A","N/A","","Policy","LONDON","","1"
"200236","N/D","SCS1","DEF INTERNATIONAL SCIENCE, EVIDENCE AND ANALYSIS","No Function","Department for Environment Food & Rural Affairs","Department for Environment, Food and Rural Affairs","INTERNATIONAL BIODIVERSITY AND CLIMATE DIRECTORATE","03459 33 55 77","defra.helpline@defra.gsi.gov.uk","200184","1191760","1.00","N/A","N/A","","Science and Engineering","LONDON","","1"
"200246","N/D","SCS1","DEF IMPORTS, EXPORTS & EU TRADE","No Function","Department for Environment Food & Rural Affairs","Department for Environment, Food and Rural Affairs","ANIMAL AND PLANT HEALTH DIRECTORATE","03459 33 55 77","defra.helpline@defra.gsi.gov.uk","200327","3126840","1.00","N/A","N/A","","Veterinary","LONDON","","1"
"200286","N/D","SCS1","DEF INTERNATIONAL NATURE, CLIMATE & DEVELOPMENT","No Function","Department for Environment Food & Rural Affairs","Department for Environment, Food and Rural Affairs","INTERNATIONAL BIODIVERSITY AND CLIMATE DIRECTORATE","03459 33 55 77","defra.helpline@defra.gsi.gov.uk","200184","844023","1.00","N/A","N/A","","Policy","LONDON","","1"
"200287","N/D","SCS1","DEF INTERNATIONAL STRATEGIC ENGAGEMENT AND MULTILATERALS","No Function","Department for Environment Food & Rural Affairs","Department for Environment, Food and Rural Affairs","INTERNATIONAL BIODIVERSITY AND CLIMATE DIRECTORATE","03459 33 55 77","defra.helpline@defra.gsi.gov.uk","200184","1598510","1.00","N/A","N/A","","Policy","LONDON","","1"
"200328","N/D","SCS1","DEF TRADE STRATEGY & IMPLEMENTATION","No Function","Department for Environment Food & Rural Affairs","Department for Environment, Food and Rural Affairs","EU AND INTERNATIONAL TRADE DIRECTORATE","03459 33 55 77","defra.helpline@defra.gsi.gov.uk","200316","1427000","1.00","N/A","N/A","","International Trade and Negotiation","LONDON","","1"
"200333","N/D","SCS1","DEF EUDP PROJECTS - BORDERS AND INFRASTRUCTURE","No Function","Department for Environment Food & Rural Affairs","Department for Environment, Food and Rural Affairs","TRADE DELIVERY DIRECTORATE","03459 33 55 77","defra.helpline@defra.gsi.gov.uk","200191","660786","1.00","N/A","N/A","","Policy","LONDON","","1"
"200105","N/D","SCS1","DEF EU EXIT WORLD TRADE","No Function","Department for Environment Food & Rural Affairs","Department for Environment, Food and Rural Affairs","EU AND INTERNATIONAL TRADE DIRECTORATE","03459 33 55 77","defra.helpline@defra.gsi.gov.uk","200316","1262900","1.00","N/A","N/A","","Policy","WEST MIDLANDS","","1"
"200118","N/D","SCS1","Plant Health","No Function","Department for Environment Food & Rural Affairs","Department for Environment, Food and Rural Affairs","ANIMAL AND PLANT HEALTH DIRECTORATE","03459 33 55 77","defra.helpline@defra.gsi.gov.uk","200327","3213030","1.00","N/A","N/A","","Policy","YORKSHIRE AND THE HUMBER","","1"
"200123","N/D","SCS1","DEF ADAPTATION AND RURAL COMMUNITIES","No Function","Department for Environment Food & Rural Affairs","Department for Environment, Food and Rural Affairs","STRATEGY, GOVERNANCE & CLIMATE DIRECTORATE","03459 33 55 77","defra.helpline@defra.gsi.gov.uk","200207","1306020","1.00","N/A","N/A","","Policy","EAST OF ENGLAND","","1"
"200199","N/D","SCS1","DEF NET ZERO AND F-GASES","No Function","Department for Environment Food & Rural Affairs","Department for Environment, Food and Rural Affairs","STRATEGY, GOVERNANCE & CLIMATE DIRECTORATE","03459 33 55 77","defra.helpline@defra.gsi.gov.uk","200207","1318180","1.00","N/A","N/A","","Policy","UNKNOWN","","1"
"200216","N/D","SCS1","DEF OUTCOMES PROGRAMME AND ACTIVITY","No Function","Department for Environment Food & Rural Affairs","Department for Environment, Food and Rural Affairs","GROUP STRATEGY DIRECTORATE","03459 33 55 77","defra.helpline@defra.gsi.gov.uk","200054","0","1.00","N/A","N/A","","Policy","YORKSHIRE AND THE HUMBER","","1"
"200280","N/D","SCS1","DEF SCIENCE PROJECTS - MASTERPLAN / SCAH","No Function","Department for Environment Food & Rural Affairs","Department for Environment, Food and Rural Affairs","NATIONAL BIOSECURITY CENTRE DIRECTORATE","03459 33 55 77","defra.helpline@defra.gsi.gov.uk","200029","487190","1.00","N/A","N/A","","Project Management Delivery","SOUTH EAST","","1"
"200289","N/D","SCS1","Marine and Fisheries Evidence","No Function","Department for Environment Food & Rural Affairs","Department for Environment, Food and Rural Affairs","MARINE AND FISHERIES DIRECTORATE","03459 33 55 77","defra.helpline@defra.gsi.gov.uk","200091","2247710","1.00","N/A","N/A","","Policy","SOUTH WEST","","1"
"200298","N/D","SCS1","DEF EU EXIT ENV GOV BODY AND STATEMENT OF ENV PRINCIPLES","No Function","Department for Environment Food & Rural Affairs","Department for Environment, Food and Rural Affairs","STRATEGY, GOVERNANCE & CLIMATE DIRECTORATE","03459 33 55 77","defra.helpline@defra.gsi.gov.uk","200207","1488250","1.00","N/A","N/A","","Policy","SOUTH WEST","","1"
"200302","N/D","SCS1","Water Services","No Function","Department for Environment Food & Rural Affairs","Department for Environment, Food and Rural Affairs","WATER AND FLOOD MANAGEMENT DIRECTORATE","03459 33 55 77","defra.helpline@defra.gsi.gov.uk","200210","2664090","1.00","N/A","N/A","","Policy","UNKNOWN","","1"
"200334","N/D","SCS1","DEF GIO Resources","No Function","Department for Environment Food & Rural Affairs","Department for Environment, Food and Rural Affairs","DIGITAL, DATA, TECHNOLOGY AND SECURITY DIRECTORATE","03459 33 55 77","defra.helpline@defra.gsi.gov.uk","200181","4178300","1.00","N/A","N/A","","Digital  Data and Technology","EAST OF ENGLAND","","1"
"200017","N/D","SCS1","DEF FFCP DIRECTORS OFFICE","No Function","Department for Environment Food & Rural Affairs","Department for Environment, Food and Rural Affairs","FARMING DIRECTORATE - ADMIN COSTS","03459 33 55 77","defra.helpline@defra.gsi.gov.uk","200092","1047600","0.50","N/A","N/A","","Policy","UNKNOWN","","1"
"200110","N/D","SCS1","DEF SPS STRATEGY & CO-ORDINATION, ANIMAL IMPORTS & EU TRADE","No Function","Department for Environment Food & Rural Affairs","Department for Environment, Food and Rural Affairs","ANIMAL AND PLANT HEALTH DIRECTORATE","03459 33 55 77","defra.helpline@defra.gsi.gov.uk","200327","612849","0.81","N/A","N/A","","Policy","LONDON","","1"
"200116","N/D","SCS1","Animal Health: Public Health","No Function","Department for Environment Food & Rural Affairs","Department for Environment, Food and Rural Affairs","ANIMAL AND PLANT HEALTH DIRECTORATE","03459 33 55 77","defra.helpline@defra.gsi.gov.uk","200083","303559","0.70","N/A","N/A","","Policy","LONDON","","1"
"200120","N/D","SCS1","TB","No Function","Department for Environment Food & Rural Affairs","Department for Environment, Food and Rural Affairs","ANIMAL AND PLANT HEALTH DIRECTORATE","03459 33 55 77","defra.helpline@defra.gsi.gov.uk","200327","1854220","0.90","N/A","N/A","","Veterinary","LONDON","","1"
"200263","N/D","SCS1","DEF FLS-ODA STAFF MARINE","No Function","Department for Environment Food & Rural Affairs","Department for Environment, Food and Rural Affairs","OFFICIAL DEVELOPMENT ASSISTANCE DIRECTORATE","03459 33 55 77","defra.helpline@defra.gsi.gov.uk","200184","1285900","0.90","N/A","N/A","","Policy","LONDON","","1"
"200315","N/D","SCS1","DEF Strat Business Relationship Man","No Function","Department for Environment Food & Rural Affairs","Department for Environment, Food and Rural Affairs","DIGITAL, DATA, TECHNOLOGY AND SECURITY DIRECTORATE","03459 33 55 77","defra.helpline@defra.gsi.gov.uk","200264","114510","0.92","N/A","N/A","","Digital  Data and Technology","SOUTH WEST","","1"
"200335","N/D","SCS1","DEF EU RESET AND TRADE DG OFFICE","No Function","Department for Environment Food & Rural Affairs","Department for Environment, Food and Rural Affairs","EU RESET DG OFFICE DIRECTORATE","03459 33 55 77","defra.helpline@defra.gsi.gov.uk","200006","541549","0.90","N/A","N/A","","Policy","EAST MIDLANDS","","1"
"200083","N/D","SCS1","Director: Animal and Plant Health","No Function","Department for Environment Food & Rural Affairs","Department for Environment, Food and Rural Affairs","ANIMAL AND PLANT HEALTH DIRECTORATE","03459 33 55 77","defra.helpline@defra.gsi.gov.uk","200327","3473500","1.00","N/A","N/A","","Policy","NORTH WEST","","1"
"200010","N/D","SCS1","DEF HRBP POLICY & EVIDENCE","Human Resources","Department for Environment Food & Rural Affairs","Department for Environment, Food and Rural Affairs","HUMAN RESOURCES DIRECTORATE","03459 33 55 77","defra.helpline@defra.gsi.gov.uk","200149","387300","1.00","N/A","N/A","","Human Resources","LONDON","","1"
"200018","N/D","SCS1","HR Business Partners","Human Resources","Department for Environment Food & Rural Affairs","Department for Environment, Food and Rural Affairs","HUMAN RESOURCES DIRECTORATE","03459 33 55 77","defra.helpline@defra.gsi.gov.uk","200149","623967","1.00","N/A","N/A","","Human Resources","LONDON","","1"
"200235","N/D","SCS1","DEF HR DIGITAL & AUTOMATION","Human Resources","Department for Environment Food & Rural Affairs","Department for Environment, Food and Rural Affairs","HUMAN RESOURCES DIRECTORATE","03459 33 55 77","defra.helpline@defra.gsi.gov.uk","200283","1193350","1.00","N/A","N/A","","Digital  Data and Technology","LONDON","","1"
"200240","N/D","SCS1","DEF RPA HR","Human Resources","Department for Environment Food & Rural Affairs","Department for Environment, Food and Rural Affairs","HUMAN RESOURCES DIRECTORATE","03459 33 55 77","defra.helpline@defra.gsi.gov.uk","200149","187408","1.00","N/A","N/A","","Human Resources","LONDON","","1"
"200062","N/D","SCS1","Equality","Human Resources","Department for Environment Food & Rural Affairs","Department for Environment, Food and Rural Affairs","HUMAN RESOURCES DIRECTORATE","03459 33 55 77","defra.helpline@defra.gsi.gov.uk","200149","2335310","1.00","N/A","N/A","","Human Resources","EAST MIDLANDS","","1"
"200172","N/D","SCS1","DEF NE HR","Human Resources","Department for Environment Food & Rural Affairs","Department for Environment, Food and Rural Affairs","HUMAN RESOURCES DIRECTORATE","03459 33 55 77","defra.helpline@defra.gsi.gov.uk","200149","504864","1.00","N/A","N/A","","Human Resources","SOUTH WEST","","1"
"200173","N/D","SCS1","Pay Reward and Employee Relations","Human Resources","Department for Environment Food & Rural Affairs","Department for Environment, Food and Rural Affairs","HUMAN RESOURCES DIRECTORATE","03459 33 55 77","defra.helpline@defra.gsi.gov.uk","200149","1412000","1.00","N/A","N/A","","Human Resources","SOUTH EAST","","1"
"200244","N/D","SCS1","DEF HR BUSINESS MANAGEMENT AND SPECIALIST SERVICES","Human Resources","Department for Environment Food & Rural Affairs","Department for Environment, Food and Rural Affairs","HUMAN RESOURCES DIRECTORATE","03459 33 55 77","defra.helpline@defra.gsi.gov.uk","200149","1047270","1.00","N/A","N/A","","Human Resources","WEST MIDLANDS","","1"
"200312","N/D","SCS1","DEF HR WATER","Human Resources","Department for Environment Food & Rural Affairs","Department for Environment, Food and Rural Affairs","HUMAN RESOURCES DIRECTORATE","03459 33 55 77","defra.helpline@defra.gsi.gov.uk","200149","335757","1.00","N/A","N/A","","Human Resources","SOUTH WEST","","1"
"200323","N/D","SCS1","DEF HR BUSINESS MANAGEMENT OFFICE","Human Resources","Department for Environment Food & Rural Affairs","Department for Environment, Food and Rural Affairs","HUMAN RESOURCES DIRECTORATE","03459 33 55 77","defra.helpline@defra.gsi.gov.uk","200149","897658","1.00","N/A","N/A","","Human Resources","SOUTH EAST","","1"
"200283","N/D","SCS1","APHA HR","Human Resources","Department for Environment Food & Rural Affairs","Department for Environment, Food and Rural Affairs","HUMAN RESOURCES DIRECTORATE","03459 33 55 77","defra.helpline@defra.gsi.gov.uk","200149","473244","1.00","N/A","N/A","","Human Resources","LONDON","","1"
"200050","N/D","SCS1","DEF ENVIRONMENT GROUP FBP TEAM (CORE)","Finance","Department for Environment Food & Rural Affairs","Department for Environment, Food and Rural Affairs","FINANCE DIRECTORATE","03459 33 55 77","defra.helpline@defra.gsi.gov.uk","200046","529353","1.00","N/A","N/A","","Finance","LONDON","","1"
"200170","N/D","SCS1","DEF GCS, STRATEGY, SCIENCE AND ANALYSIS FBP TEAM (CORE)","Finance","Department for Environment Food & Rural Affairs","Department for Environment, Food and Rural Affairs","FINANCE DIRECTORATE","03459 33 55 77","defra.helpline@defra.gsi.gov.uk","200046","1418310","1.00","N/A","N/A","","Finance","LONDON","","1"
"200279","N/D","SCS1","DEF EA BUSINESS FINANCE OPERATIONS","Finance","Department for Environment Food & Rural Affairs","Department for Environment, Food and Rural Affairs","FINANCE DIRECTORATE","03459 33 55 77","defra.helpline@defra.gsi.gov.uk","200165","0","1.00","N/A","N/A","","Finance","LONDON","","1"
"200021","N/D","SCS1","DEF APHA Finance","Finance","Department for Environment Food & Rural Affairs","Department for Environment, Food and Rural Affairs","FINANCE DIRECTORATE","03459 33 55 77","defra.helpline@defra.gsi.gov.uk","200341","728474","1.00","N/A","N/A","","Finance","WEST MIDLANDS","","1"
"200103","N/D","SCS1","DEF FIN OPS CFA","Finance","Department for Environment Food & Rural Affairs","Department for Environment, Food and Rural Affairs","FINANCE DIRECTORATE","03459 33 55 77","defra.helpline@defra.gsi.gov.uk","200237","3681730","1.00","N/A","N/A","","Finance","YORKSHIRE AND THE HUMBER","","1"
"200114","N/D","SCS1","DEF UKCB GRANTS HUB","Finance","Department for Environment Food & Rural Affairs","Department for Environment, Food and Rural Affairs","FINANCE DIRECTORATE","03459 33 55 77","defra.helpline@defra.gsi.gov.uk","200341","678042","1.00","N/A","N/A","","Finance","EAST OF ENGLAND","","1"
"200150","N/D","SCS1","DEF RPA Finance","Finance","Department for Environment Food & Rural Affairs","Department for Environment, Food and Rural Affairs","FINANCE DIRECTORATE","03459 33 55 77","defra.helpline@defra.gsi.gov.uk","200341","1345280","1.00","N/A","N/A","","Finance","UNKNOWN","","1"
"200166","N/D","SCS1","DEF FIN OPS SFO & BI","Finance","Department for Environment Food & Rural Affairs","Department for Environment, Food and Rural Affairs","FINANCE DIRECTORATE","03459 33 55 77","defra.helpline@defra.gsi.gov.uk","200237","2801380","1.00","N/A","N/A","","Finance","SOUTH WEST","","1"
"200168","N/D","SCS1","DEF FINANCIAL GOVERNANCE, INVESTMENTS AND INVESTIGATIONS","Finance","Department for Environment Food & Rural Affairs","Department for Environment, Food and Rural Affairs","FINANCE DIRECTORATE","03459 33 55 77","defra.helpline@defra.gsi.gov.uk","200341","1669120","1.00","N/A","N/A","","Finance","SOUTH WEST","","1"
"200265","N/D","SCS1","DEF STRATEGIC FINANCE TEAM","Finance","Department for Environment Food & Rural Affairs","Department for Environment, Food and Rural Affairs","FINANCE DIRECTORATE","03459 33 55 77","defra.helpline@defra.gsi.gov.uk","200341","555895","1.00","N/A","N/A","","Finance","SOUTH WEST","","1"
"200285","N/D","SCS1","DEF NE Finance","Finance","Department for Environment Food & Rural Affairs","Department for Environment, Food and Rural Affairs","FINANCE DIRECTORATE","03459 33 55 77","defra.helpline@defra.gsi.gov.uk","200341","807917","1.00","N/A","N/A","","Finance","YORKSHIRE AND THE HUMBER","","1"
"200167","N/D","SCS1","DEF FIN OPS MR","Finance","Department for Environment Food & Rural Affairs","Department for Environment, Food and Rural Affairs","FINANCE DIRECTORATE","03459 33 55 77","defra.helpline@defra.gsi.gov.uk","200237","3114920","0.96","N/A","N/A","","Finance","SOUTH WEST","","1"
"200247","N/D","SCS1","DEF EA BUSINESS FINANCE HEAD OFFICE","Finance","Department for Environment Food & Rural Affairs","Department for Environment, Food and Rural Affairs","FINANCE DIRECTORATE","03459 33 55 77","defra.helpline@defra.gsi.gov.uk","200165","1796050","0.81","N/A","N/A","","Finance","EAST OF ENGLAND","","1"
"200325","N/D","SCS1","Finance Director and Admin Support","Finance","Department for Environment Food & Rural Affairs","Department for Environment, Food and Rural Affairs","FINANCE DIRECTORATE","03459 33 55 77","defra.helpline@defra.gsi.gov.uk","200237","586213","0.70","N/A","N/A","","Finance","LONDON","","1"
"200046","N/D","SCS1","DEF FBT AND PORTFOLIO FBP TEAM (CORE)","Finance","Department for Environment Food & Rural Affairs","Department for Environment, Food and Rural Affairs","FINANCE DIRECTORATE","03459 33 55 77","defra.helpline@defra.gsi.gov.uk","200341","2806830","1.00","N/A","N/A","","Finance","SOUTH WEST","","1"
"200038","N/D","SCS1","DEF FUTURE FARMING AND COUNTRYSIDE INITIATIVE","Digital Data and Technology","Department for Environment Food & Rural Affairs","Department for Environment, Food and Rural Affairs","DIGITAL, DATA, TECHNOLOGY AND SECURITY DIRECTORATE","03459 33 55 77","defra.helpline@defra.gsi.gov.uk","200160","68476","1.00","N/A","N/A","","Digital  Data and Technology","LONDON","","1"
"200076","N/D","SCS1","DEF USER-CENTRED DESIGN","Digital Data and Technology","Department for Environment Food & Rural Affairs","Department for Environment, Food and Rural Affairs","DIGITAL, DATA, TECHNOLOGY AND SECURITY DIRECTORATE","03459 33 55 77","defra.helpline@defra.gsi.gov.uk","200160","344801","1.00","N/A","N/A","","Digital  Data and Technology","LONDON","","1"
"200084","N/D","SCS1","DEF Strat Business Relationship Man","Digital Data and Technology","Department for Environment Food & Rural Affairs","Department for Environment, Food and Rural Affairs","DIGITAL, DATA, TECHNOLOGY AND SECURITY DIRECTORATE","03459 33 55 77","defra.helpline@defra.gsi.gov.uk","200264","43264","1.00","N/A","N/A","","Digital  Data and Technology","LONDON","","1"
"200197","N/D","SCS1","DEF USER-CENTRED DESIGN","Digital Data and Technology","Department for Environment Food & Rural Affairs","Department for Environment, Food and Rural Affairs","DIGITAL, DATA, TECHNOLOGY AND SECURITY DIRECTORATE","03459 33 55 77","defra.helpline@defra.gsi.gov.uk","200160","205279","1.00","N/A","N/A","","Digital  Data and Technology","LONDON","","1"
"200243","N/D","SCS1","DEF Strat Business Relationship Man","Digital Data and Technology","Department for Environment Food & Rural Affairs","Department for Environment, Food and Rural Affairs","DIGITAL, DATA, TECHNOLOGY AND SECURITY DIRECTORATE","03459 33 55 77","defra.helpline@defra.gsi.gov.uk","200264","1470570","1.00","N/A","N/A","","Digital  Data and Technology","LONDON","","1"
"200305","N/D","SCS1","DEF ADII BUSINESS MANAGEMENT","Digital Data and Technology","Department for Environment Food & Rural Affairs","Department for Environment, Food and Rural Affairs","DIGITAL, DATA, TECHNOLOGY AND SECURITY DIRECTORATE","03459 33 55 77","defra.helpline@defra.gsi.gov.uk","200234","854696","1.00","N/A","N/A","","Digital  Data and Technology","LONDON","","1"
"200045","N/D","SCS1","DEF DDTS CHIEF OPERATING OFFICE","Digital Data and Technology","Department for Environment Food & Rural Affairs","Department for Environment, Food and Rural Affairs","DIGITAL, DATA, TECHNOLOGY AND SECURITY DIRECTORATE","03459 33 55 77","defra.helpline@defra.gsi.gov.uk","200160","0","1.00","N/A","N/A","","Communications","SOUTH EAST","","1"
"200059","N/D","SCS1","DEF SOLUTION ARCHITECTURE","Digital Data and Technology","Department for Environment Food & Rural Affairs","Department for Environment, Food and Rural Affairs","DIGITAL, DATA, TECHNOLOGY AND SECURITY DIRECTORATE","03459 33 55 77","defra.helpline@defra.gsi.gov.uk","200160","1268200","1.00","N/A","N/A","","Digital  Data and Technology","NORTH EAST","","1"
"200068","N/D","SCS1","DEF GIO Resources","Digital Data and Technology","Department for Environment Food & Rural Affairs","Department for Environment, Food and Rural Affairs","DIGITAL, DATA, TECHNOLOGY AND SECURITY DIRECTORATE","03459 33 55 77","defra.helpline@defra.gsi.gov.uk","200181","0","1.00","N/A","N/A","","Digital  Data and Technology","UNKNOWN","","1"
"200069","N/D","SCS1","DEF GIO Resources","Digital Data and Technology","Department for Environment Food & Rural Affairs","Department for Environment, Food and Rural Affairs","DIGITAL, DATA, TECHNOLOGY AND SECURITY DIRECTORATE","03459 33 55 77","defra.helpline@defra.gsi.gov.uk","200181","3137540","1.00","N/A","N/A","","Digital  Data and Technology","YORKSHIRE AND THE HUMBER","","1"
"200106","N/D","SCS1","DEF DDTS - CROSS CUTTING NON-TECHNICAL","Digital Data and Technology","Department for Environment Food & Rural Affairs","Department for Environment, Food and Rural Affairs","DIGITAL, DATA, TECHNOLOGY AND SECURITY DIRECTORATE","03459 33 55 77","defra.helpline@defra.gsi.gov.uk","200160","392911","1.00","N/A","N/A","","Digital  Data and Technology","UNKNOWN","","1"
"200146","N/D","SCS1","DEF Office of CTO and Change Imp","Digital Data and Technology","Department for Environment Food & Rural Affairs","Department for Environment, Food and Rural Affairs","DIGITAL, DATA, TECHNOLOGY AND SECURITY DIRECTORATE","03459 33 55 77","defra.helpline@defra.gsi.gov.uk","200160","1086340","1.00","N/A","N/A","","Digital  Data and Technology","YORKSHIRE AND THE HUMBER","","1"
"200159","N/D","SCS1","DEF GIO Resources","Digital Data and Technology","Department for Environment Food & Rural Affairs","Department for Environment, Food and Rural Affairs","DIGITAL, DATA, TECHNOLOGY AND SECURITY DIRECTORATE","03459 33 55 77","defra.helpline@defra.gsi.gov.uk","200181","3564310","1.00","N/A","N/A","","Digital  Data and Technology","SOUTH EAST","","1"
"200161","N/D","SCS1","DEF SOFTWARE DEVELOPMENT","Digital Data and Technology","Department for Environment Food & Rural Affairs","Department for Environment, Food and Rural Affairs","DIGITAL, DATA, TECHNOLOGY AND SECURITY DIRECTORATE","03459 33 55 77","defra.helpline@defra.gsi.gov.uk","200160","21013200","1.00","N/A","N/A","","Digital  Data and Technology","NORTH WEST","","1"
"200220","N/D","SCS1","DEF PORTFOLIO PROJECT DATA","Digital Data and Technology","Department for Environment Food & Rural Affairs","Department for Environment, Food and Rural Affairs","PORTFOLIO DIRECTORATE","03459 33 55 77","defra.helpline@defra.gsi.gov.uk","200267","1189810","1.00","N/A","N/A","","Digital  Data and Technology","EAST OF ENGLAND","","1"
"200260","N/D","SCS1","DEF DDTS - CROSS CUTTING NON-TECHNICAL","Digital Data and Technology","Department for Environment Food & Rural Affairs","Department for Environment, Food and Rural Affairs","DIGITAL, DATA, TECHNOLOGY AND SECURITY DIRECTORATE","03459 33 55 77","defra.helpline@defra.gsi.gov.uk","200160","0","1.00","N/A","N/A","","Digital  Data and Technology","YORKSHIRE AND THE HUMBER","","1"
"200306","N/D","SCS1","DEF GCS DATA AND ANALYTICS","Digital Data and Technology","Department for Environment Food & Rural Affairs","Department for Environment, Food and Rural Affairs","GCS STRATEGY, PARTNERSHIPS AND OPERATIONS DIRECTORATE","03459 33 55 77","defra.helpline@defra.gsi.gov.uk","200075","1254590","1.00","N/A","N/A","","Digital  Data and Technology","YORKSHIRE AND THE HUMBER","","1"
"200234","N/D","SCS1","DEF ADII BUSINESS MANAGEMENT","Digital Data and Technology","Department for Environment Food & Rural Affairs","Department for Environment, Food and Rural Affairs","DIGITAL, DATA, TECHNOLOGY AND SECURITY DIRECTORATE","03459 33 55 77","defra.helpline@defra.gsi.gov.uk","200160","918830","1.00","N/A","N/A","","Digital  Data and Technology","EAST OF ENGLAND","","1"
"200119","N/D","SCS1","DEF COMMUNICATIONS, STRATEGY & EXTERNAL AFFAIRS","Communications","Department for Environment Food & Rural Affairs","Department for Environment, Food and Rural Affairs","COMMUNICATIONS DIRECTORATE","03459 33 55 77","defra.helpline@defra.gsi.gov.uk","200231","3683690","1.00","N/A","N/A","","Communications","LONDON","","1"
"200198","N/D","SCS1","DEF GROUP COMMS (OPS & LOCAL)","Communications","Department for Environment Food & Rural Affairs","Department for Environment, Food and Rural Affairs","COMMUNICATIONS DIRECTORATE","03459 33 55 77","defra.helpline@defra.gsi.gov.uk","200231","0","1.00","N/A","N/A","","Communications","LONDON","","1"
"200252","N/D","SCS1","DEF COMMUNICATIONS CAMPAIGNS","Communications","Department for Environment Food & Rural Affairs","Department for Environment, Food and Rural Affairs","COMMUNICATIONS DIRECTORATE","03459 33 55 77","defra.helpline@defra.gsi.gov.uk","200231","1992590","1.00","N/A","N/A","","Communications","LONDON","","1"
"200288","N/D","SCS1","News and External Communications","Communications","Department for Environment Food & Rural Affairs","Department for Environment, Food and Rural Affairs","COMMUNICATIONS DIRECTORATE","03459 33 55 77","defra.helpline@defra.gsi.gov.uk","200231","2440690","1.00","N/A","N/A","","Communications","LONDON","","1"
"200200","N/D","SCS1","DEF Internal Communications","Communications","Department for Environment Food & Rural Affairs","Department for Environment, Food and Rural Affairs","COMMUNICATIONS DIRECTORATE","03459 33 55 77","defra.helpline@defra.gsi.gov.uk","200231","1694710","1.00","N/A","N/A","","Communications","SOUTH WEST","","1"
"200295","N/D","SCS1","DEF FOOD SUPPLY CHAIN ADJUDICATORS OFFICE","Commercial","Department for Environment Food & Rural Affairs","Department for Environment, Food and Rural Affairs","AGRI FOOD CHAIN DIRECTORATE","03459 33 55 77","defra.helpline@defra.gsi.gov.uk","200077","0","0.60","N/A","N/A","","Property","NORTH EAST","","1"
"200004","N/D","SCS1","Animal and Plant Health Evidence Analysis","Analysis","Department for Environment Food & Rural Affairs","Department for Environment, Food and Rural Affairs","ANIMAL AND PLANT HEALTH DIRECTORATE","03459 33 55 77","defra.helpline@defra.gsi.gov.uk","200327","1558240","1.00","N/A","N/A","","Social Research","LONDON","","1"
"200014","N/D","SCS1","Environment analysis unit","Analysis","Department for Environment Food & Rural Affairs","Department for Environment, Food and Rural Affairs","STRATEGY, GOVERNANCE & CLIMATE DIRECTORATE","03459 33 55 77","defra.helpline@defra.gsi.gov.uk","200207","2231110","1.00","N/A","N/A","","Geography","LONDON","","1"
"200020","N/D","SCS1","DEF FFCP POLICY ENGAGEMENT & STRATEGY","Analysis","Department for Environment Food & Rural Affairs","Department for Environment, Food and Rural Affairs","FARMING DIRECTORATE - ADMIN COSTS","03459 33 55 77","defra.helpline@defra.gsi.gov.uk","200092","1597280","1.00","N/A","N/A","","Economic","LONDON","","1"
"200155","N/D","SCS1","DEF CENTRAL ANALYTICAL RESPONSE IMPROVEMENT AND SUPPORT","Analysis","Department for Environment Food & Rural Affairs","Department for Environment, Food and Rural Affairs","ANALYSIS DIRECTORATE","03459 33 55 77","defra.helpline@defra.gsi.gov.uk","200067","1101550","1.00","N/A","N/A","","Economic","LONDON","","1"
"200214","N/D","SCS1","DEF EUDP EVIDENCE AND ANALYSIS","Analysis","Department for Environment Food & Rural Affairs","Department for Environment, Food and Rural Affairs","EU RESET STRATEGY & LEGISLATION DIRECTORATE","03459 33 55 77","defra.helpline@defra.gsi.gov.uk","200330","1782160","1.00","N/A","N/A","","Economic","LONDON","","1"
"200232","N/D","SCS1","DEF CE EVIDENCE & ANALYSIS","Analysis","Department for Environment Food & Rural Affairs","Department for Environment, Food and Rural Affairs","CIRCULAR ECONOMY DIRECTORATE","03459 33 55 77","defra.helpline@defra.gsi.gov.uk","200015","2706220","1.00","N/A","N/A","","Economic","LONDON","","1"
"200317","N/D","SCS1","DEF EU EXIT EUIT ANALYSIS","Analysis","Department for Environment Food & Rural Affairs","Department for Environment, Food and Rural Affairs","EU AND INTERNATIONAL TRADE DIRECTORATE","03459 33 55 77","defra.helpline@defra.gsi.gov.uk","200316","1602000","1.00","N/A","N/A","","Economic","LONDON","","1"
"200340","N/D","SCS1","DEF FLS-ODA STAFF INTL SCIENCE, EVIDENCE AND ANALYSIS","Analysis","Department for Environment Food & Rural Affairs","Department for Environment, Food and Rural Affairs","OFFICIAL DEVELOPMENT ASSISTANCE DIRECTORATE","03459 33 55 77","defra.helpline@defra.gsi.gov.uk","200297","0","1.00","N/A","N/A","","Science and Engineering","LONDON","","1"
"200112","N/D","SCS1","Strategic Evidence Partners","Analysis","Department for Environment Food & Rural Affairs","Department for Environment, Food and Rural Affairs","SCIENCE DIRECTORATE","03459 33 55 77","defra.helpline@defra.gsi.gov.uk","200297","1956230","0.80","N/A","N/A","","Science and Engineering","LONDON","","1"
"200129","N/D","SCS1","DEF FFCP EVIDENCE & ANALYSIS","Analysis","Department for Environment Food & Rural Affairs","Department for Environment, Food and Rural Affairs","FARMING DIRECTORATE - ADMIN COSTS","03459 33 55 77","defra.helpline@defra.gsi.gov.uk","200092","2729220","0.78","N/A","N/A","","Economic","LONDON","","1"
"200281","N/D","SCS1","Office of the Director of Analysis","Analysis","Department for Environment Food & Rural Affairs","Department for Environment, Food and Rural Affairs","ANALYSIS DIRECTORATE","03459 33 55 77","defra.helpline@defra.gsi.gov.uk","200067","1781340","0.69","N/A","N/A","","Operational Research","NORTH EAST","","1"
"200282","N/D","SCS1","Office of the Director of Analysis","Analysis","Department for Environment Food & Rural Affairs","Department for Environment, Food and Rural Affairs","ANALYSIS DIRECTORATE","03459 33 55 77","defra.helpline@defra.gsi.gov.uk","200067","876558","0.68","N/A","N/A","","Economic","LONDON","","1"
"200318","N/D","SCS1","DEF TRADE ANALYSIS, PROJECT DELIVERY & SUPPORT","Analysis","Department for Environment Food & Rural Affairs","Department for Environment, Food and Rural Affairs","EU AND INTERNATIONAL TRADE DIRECTORATE","03459 33 55 77","defra.helpline@defra.gsi.gov.uk","200316","1090030","0.80","N/A","N/A","","Operational Research","YORKSHIRE AND THE HUMBER","","1"
